{"DeformedCurrent": 3.4157220108653092, "NormalizedCurrent": 42.4722876998431, "ResidualSpeed": 12.930521332027483, "Temperature": 3.3533741955497347}