{"DeformedCurrent": 2.4998452934851345, "NormalizedCurrent": 33.35393412682684, "ResidualSpeed": 17.58438583273133, "Temperature": 1.6537531342578862}