{"DeformedCurrent": 8.368578243666452, "NormalizedCurrent": 161.23743921095465, "ResidualSpeed": 14.108238186445824, "Temperature": 6.378953597173675}