{"DeformedCurrent": 5.086425037757216, "NormalizedCurrent": 48.07637287341038, "ResidualSpeed": 12.33799485805121, "Temperature": 2.5278764869494275}